keyword,search_volume,competition
engineer strategy,9562,71.33
engineer content ideas,9383,26.66
engineer for beginners,9141,47.81
ai and engineer,8604,13.95
how to use engineer,8588,64.27
engineer and SEO,8201,47.28
top engineer trends,8152,46.08
latest engineer techniques,8022,23.22
engineer growth hacks,7877,17.61
engineer in 2025,7454,11.43
engineer marketing hacks,6329,61.53
engineer for business growth,6042,11.87
engineer guide,5930,74.56
engineer free tools,4956,55.02
engineer tools,4903,15.13
engineer tips,3067,28.46
engineer automation tools,1094,46.89
